phase,iter,timesteps_total,episodes_total,episode_reward_mean,episode_reward_min,episode_reward_max,policy_reward_mean/p_top,policy_reward_mean/p_bottom,policy_reward_mean/a,social_welfare_coin_eq_times_prod
PHASE 1,0,800,0,,,,,,,68.2500000000003
PHASE 1,1,1600,1,248.6940300307735,248.6940300307735,248.6940300307735,88.0000000000013,62.00000000000124,12.33675375384759,36.07142857142901
PHASE 1,2,2400,2,222.50237021352063,196.31071039626778,248.6940300307735,72.66666666666825,62.41666666666785,10.927379610024145,17.500000000000547
PHASE 1,3,3200,3,220.75781645137099,196.31071039626778,248.6940300307735,73.55555555555696,59.833333333334714,10.921115945310987,13.714285714286255
PHASE 1,4,4000,4,270.50679522795957,196.31071039626778,419.7537315577255,81.00000000000134,71.87500000000135,14.703974403496186,0.0
PHASE 1,5,4800,4,270.5067952279596,196.31071039626778,419.7537315577255,81.00000000000135,71.87500000000135,14.703974403496185,95.53571428571455
PHASE 1,6,5600,5,302.23292309967036,196.31071039626778,429.1374345865136,88.50000000000134,77.1000000000013,17.079115387460234,44.92857142857172
PHASE 1,7,6400,6,305.4105461633307,196.31071039626778,429.1374345865136,86.55555555555692,79.72222222222346,17.391596048195378,50.4285714285718
PHASE 1,8,7200,7,324.85529117519343,196.31071039626778,441.52376124636925,85.0476190476205,82.90476190476319,19.612863777853114,12.285714285714736
PHASE 1,9,8000,8,337.666242962233,196.31071039626778,441.52376124636925,84.93750000000138,91.91666666666787,20.101509536947514,0.0
PHASE 1,10,8800,8,337.666242962233,196.31071039626778,441.52376124636925,84.93750000000139,91.91666666666788,20.101509536947514,72.85714285714319
PHASE 1,11,9600,9,341.57020367717286,196.31071039626778,441.52376124636925,85.0740740740755,91.62962962963083,20.608312496685322,86.10714285714309
PHASE 1,12,10400,10,380.01171402530923,196.31071039626778,725.9853071585369,87.68333333333476,106.2166666666678,23.263964253164982,63.00000000000032
PHASE 1,13,11200,11,403.54405851485046,196.31071039626778,725.9853071585369,93.40909090909234,109.96969696969808,25.020658829508896,12.428571428571914
PHASE 1,14,12000,12,420.42550675201977,196.31071039626778,725.9853071585369,99.38888888889032,108.69444444444555,26.54277167733676,0.0
PHASE 1,15,12800,12,420.42550675201977,196.31071039626778,725.9853071585369,99.38888888889032,108.69444444444555,26.542771677336763,66.9642857142861
PHASE 1,16,13600,13,416.73922318818524,196.31071039626778,725.9853071585369,98.07692307692453,106.24358974359089,26.55233879596007,86.89285714285745
PHASE 1,17,14400,14,427.12114208003686,196.31071039626778,725.9853071585369,101.1666666666681,105.63095238095353,27.54044037905314,73.71428571428602
PHASE 1,18,15200,15,451.36031468481383,196.31071039626778,790.7087311516915,108.65555555555694,109.87777777777895,29.103372668935595,39.10714285714317
PHASE 1,19,16000,16,489.42254159606193,196.31071039626778,1060.3559452647833,118.19791666666805,118.48958333333447,31.591880199508015,0.0
PHASE 1,20,16800,16,489.422541596062,196.31071039626778,1060.3559452647833,118.19791666666805,118.48958333333445,31.59188019950802,98.1071428571432
PHASE 1,21,17600,17,490.7164711769553,196.31071039626778,1060.3559452647833,122.66666666666801,115.11764705882467,31.61651968143344,96.82142857142877
PHASE 1,22,18400,18,487.5442486920564,196.31071039626778,1060.3559452647833,123.03703703703837,113.63888888889005,31.358540345766713,54.82142857142893
PHASE 1,23,19200,19,497.3184501984453,196.31071039626778,1060.3559452647833,128.67543859649257,111.79824561403625,32.105595748490195,33.178571428571765
PHASE 1,24,20000,20,520.5056473275488,196.31071039626778,1060.3559452647833,133.74166666666798,117.95000000000114,33.601747582610145,0.0
PHASE 1,25,20800,20,520.5056473275488,196.31071039626778,1060.3559452647833,133.74166666666798,117.95000000000114,33.601747582610145,124.57142857142891
PHASE 1,26,21600,21,529.0504313324742,196.31071039626778,1060.3559452647833,132.7619047619061,122.11904761904873,34.27118486894,142.00000000000017
PHASE 1,27,22400,22,552.1052530394479,196.31071039626778,1060.3559452647833,138.03030303030434,128.4924242424253,35.69781572083963,91.21428571428594
PHASE 1,28,23200,23,558.0469621736835,196.31071039626778,1060.3559452647833,140.18840579710272,129.5579710144938,36.03757317026045,13.464285714286241
PHASE 1,29,24000,24,568.6915466215609,196.31071039626778,1060.3559452647833,142.36111111111236,132.1666666666677,36.770471105471984,0.0
PHASE 1,30,24800,24,568.691546621561,196.31071039626778,1060.3559452647833,142.36111111111236,132.1666666666677,36.770471105471984,175.39285714285734
PHASE 1,31,25600,25,582.4484318569355,196.31071039626778,1060.3559452647833,143.96666666666792,137.4666666666677,37.62688731544917,163.607142857143
PHASE 1,32,26400,26,605.1055531296656,196.31071039626778,1171.5335849479197,150.0897435897448,142.85256410256514,39.02040567966864,93.46428571428588
PHASE 1,33,27200,27,614.7487714116849,196.31071039626778,1171.5335849479197,156.46296296296418,141.69135802469236,39.57430630300256,15.78571428571472
PHASE 1,34,28000,28,630.8914330948055,196.31071039626778,1171.5335849479197,161.2380952380964,144.8154761904772,40.60473270827799,0.0
PHASE 1,35,28800,28,630.8914330948055,196.31071039626778,1171.5335849479197,161.2380952380964,144.8154761904772,40.60473270827799,205.96428571428595
PHASE 1,36,29600,29,646.0002995702706,196.31071039626778,1171.5335849479197,165.95977011494367,146.48275862069065,41.694721354328536,118.96428571428598
PHASE 1,37,30400,30,654.686163336935,196.31071039626778,1171.5335849479197,168.33888888889004,148.15555555555656,42.27396486155997,75.96428571428596
PHASE 1,38,31200,31,659.1965660073844,196.31071039626778,1171.5335849479197,169.30107526881835,149.20430107526983,42.58639870791087,32.89285714285751
PHASE 1,39,32000,32,673.0887312599842,196.31071039626778,1171.5335849479197,171.3697916666678,153.56770833333434,43.51890390749658,0.0
PHASE 1,40,32800,32,673.0887312599842,196.31071039626778,1171.5335849479197,171.36979166666782,153.56770833333434,43.51890390749658,177.67857142857167
PHASE 1,41,33600,33,682.0381087459014,196.31071039626778,1171.5335849479197,170.50505050505163,158.2323232323242,44.16259187606442,123.71428571428598
PHASE 1,42,34400,34,685.1935820569702,196.31071039626778,1171.5335849479197,169.58823529411876,159.9362745098049,44.45863403162945,75.71428571428604
PHASE 1,43,35200,35,690.2412144954471,196.31071039626778,1171.5335849479197,170.19047619047734,161.28095238095332,44.84622324050061,40.32142857142887
PHASE 1,44,36000,36,682.2817766727684,196.31071039626778,1171.5335849479197,168.6851851851863,158.81018518518613,44.34830078779814,0.0
PHASE 1,45,36800,36,682.2817766727684,196.31071039626778,1171.5335849479197,168.68518518518636,158.81018518518616,44.34830078779814,129.67857142857164
PHASE 1,46,37600,37,678.8741876251884,196.31071039626778,1171.5335849479197,169.0675675675687,156.95495495495592,44.10645813783158,85.25000000000031
PHASE 1,47,38400,38,672.8097723971198,196.31071039626778,1171.5335849479197,166.48684210526432,156.24561403508866,43.75966453209455,91.6785714285717
PHASE 1,48,39200,39,678.5220425168121,196.31071039626778,1171.5335849479197,167.9658119658131,157.00000000000097,44.19452881887335,25.60714285714321
PHASE 1,49,40000,40,678.2488171005809,196.31071039626778,1171.5335849479197,167.6916666666678,156.9791666666676,44.1972479709042,0.0
PHASE 2,0,800,0,,,,,,,42.63652622767892
PHASE 2,1,1600,1,140.86545773451147,140.86545773451147,140.86545773451147,63.82083333333469,33.143938802084406,5.487585699886818,82.26781668526806
PHASE 2,2,2400,2,252.71795588012952,140.86545773451147,364.57045402574755,97.05875651041775,51.13616210937602,13.065379657543378,53.46526227678595
PHASE 2,3,3200,3,257.3171787332444,140.86545773451147,364.57045402574755,85.42462239583438,66.3817990451398,13.188844661535336,22.233314732143207
PHASE 2,4,4000,4,369.0537409918283,140.86545773451147,704.26342776758,91.51041992187608,112.39583984375074,20.643435153275593,0.0
PHASE 2,5,4800,4,369.05374099182836,140.86545773451147,704.26342776758,91.51041992187609,112.39583984375074,20.643435153275593,104.23097098214306
PHASE 2,6,5600,5,374.9717694996712,140.86545773451147,704.26342776758,94.12252473958438,111.0999726562507,21.218659012980208,60.502586495535866
PHASE 2,7,6400,6,343.724417919153,140.86545773451147,704.26342776758,87.66200195312602,105.12943901909784,18.86662211836681,46.67531250000029
PHASE 2,8,7200,7,338.5760376736636,140.86545773451147,704.26342776758,85.3028543526796,104.78883184523872,18.560543934469003,27.034620535714506
PHASE 2,9,8000,8,379.88128080906824,140.86545773451147,704.26342776758,99.97988688151139,110.0907291666673,21.22633309511134,0.0
PHASE 2,10,8800,8,379.88128080906824,140.86545773451147,704.26342776758,99.9798868815114,110.0907291666673,21.226333095111336,62.492572544643195
PHASE 2,11,9600,9,367.954896796531,140.86545773451147,704.26342776758,91.48866681134365,113.05509259259323,20.426392174074586,80.20859375000015
PHASE 2,12,10400,10,361.1474047250889,140.86545773451147,704.26342776758,90.19574283854269,111.15858854166731,19.974134168110346,57.83318359375022
PHASE 2,13,11200,11,360.9026660725767,140.86545773451147,704.26342776758,92.31713837594802,106.68761126894009,20.237239553461716,32.63272321428597
PHASE 2,14,12000,12,352.7200466410772,140.86545773451147,704.26342776758,90.49149142795245,105.07304904513956,19.644438270998915,0.0
PHASE 2,15,12800,12,352.7200466410772,140.86545773451147,704.26342776758,90.49149142795245,105.07304904513957,19.644438270998915,104.66952287946444
PHASE 2,16,13600,13,354.30337658806354,140.86545773451147,704.26342776758,90.11340795272541,106.14081029647501,19.756144792358718,44.6051736886163
PHASE 2,17,14400,14,336.3827789366241,103.41500946791143,704.26342776758,86.68876488095346,102.05296595982209,18.455131011981848,80.28919642857164
PHASE 2,18,15200,15,346.94264632164334,103.41500946791143,704.26342776758,87.97365277777885,104.65149826388954,19.28968690999744,35.822293526785955
PHASE 2,19,16000,16,359.85107671276694,103.41500946791143,704.26342776758,91.1559147135427,108.1839567057298,20.063900661687036,0.0
PHASE 2,20,16800,16,359.8510767127669,103.41500946791143,704.26342776758,91.1559147135427,108.1839567057298,20.063900661687036,87.26951967511891
PHASE 2,21,17600,17,366.88353363445987,103.41500946791143,704.26342776758,100.38964613970685,103.6645341521625,20.35366916782411,32.48722098214319
PHASE 2,22,18400,18,353.35891293734795,103.41500946791143,704.26342776758,97.2820283564825,99.8295529796466,19.530916450152656,55.14277901785737
PHASE 2,23,19200,19,347.6329375607077,103.41500946791143,704.26342776758,96.87681880482558,97.14473823948981,19.201422564549404,37.5831752232145
PHASE 2,24,20000,20,349.52513423582764,103.41500946791143,704.26342776758,97.08340755208437,96.65210549418204,19.4737026486956,0.0
PHASE 2,25,20800,20,349.5251342358276,103.41500946791143,704.26342776758,97.08340755208437,96.65210549418204,19.4737026486956,82.00713169642877
PHASE 2,26,21600,21,346.783858267995,103.41500946791143,704.26342776758,97.37558407738197,95.13499630398294,19.284159735829306,74.90640729631721
PHASE 2,27,22400,22,351.7536470979896,103.41500946791143,704.26342776758,100.29921519886464,93.99608030839475,19.68229394884188,67.41248883928583
PHASE 2,28,23200,23,350.5711526636772,103.41500946791143,704.26342776758,100.94107450181258,93.37082783574716,19.53240629076533,19.920345982143207
PHASE 2,29,24000,24,352.91070031157557,103.41500946791143,704.26342776758,101.44504882812596,93.99582046932717,19.683728876766004,0.0
PHASE 2,30,24800,24,352.91070031157557,103.41500946791143,704.26342776758,101.44504882812596,93.99582046932717,19.683728876766,83.8881696428573
PHASE 2,31,25600,25,351.32036632443516,103.41500946791143,704.26342776758,99.91979687500096,95.28460015055411,19.51449616236076,104.77218610491086
PHASE 2,32,26400,26,354.37062311074254,103.41500946791143,704.26342776758,101.7776151842958,94.76034594804887,19.72908274730052,43.307098214286
PHASE 2,33,27200,27,351.57177585948295,103.41500946791143,704.26342776758,99.35707851080342,96.00621276478783,19.52606057298728,30.258468191964553
PHASE 2,34,28000,28,352.8227710990851,103.41500946791143,704.26342776758,100.28583100818547,95.14602250235497,19.673864698568952,0.0
PHASE 2,35,28800,28,352.82277109908506,103.41500946791143,704.26342776758,100.28583100818548,95.14602250235497,19.673864698568952,114.5662667410716
PHASE 2,36,29600,29,358.54068237313555,103.41500946791143,704.26342776758,100.03317843031705,97.39313523215884,20.139296088833323,73.28609375000022
PHASE 2,37,30400,30,357.9044268788194,103.41500946791143,704.26342776758,101.52975130208429,95.79132412719805,20.072918931193037,80.28622000558046
PHASE 2,38,31200,31,356.5918913741481,103.41500946791143,704.26342776758,100.87577200940953,96.15077927128038,19.9456675116832,30.516300223214483
PHASE 2,39,32000,32,360.94509751386676,103.41500946791143,704.26342776758,101.05165445963634,97.90864147504246,20.248100197399324,0.0
PHASE 2,40,32800,32,360.94509751386676,103.41500946791143,704.26342776758,101.05165445963634,97.90864147504247,20.248100197399324,137.16042410714306
PHASE 2,41,33600,33,366.9271745989957,103.41500946791143,704.26342776758,102.71328677399082,98.70347904398061,20.688801097628716,35.561791294643136
PHASE 2,42,34400,34,359.089128931667,100.43362190982066,704.26342776758,101.10641161152051,96.95351286345914,20.128650557086576,56.5660212053574
PHASE 2,43,35200,35,356.11589649139063,100.43362190982066,704.26342776758,101.73043526785806,95.30063645426509,19.885603096159134,27.207645089286043
PHASE 2,44,36000,36,359.7205541391749,100.43362190982066,704.26342776758,103.75061848958423,94.91134215460961,20.132324186873376,0.0
PHASE 2,45,36800,36,359.7205541391749,100.43362190982066,704.26342776758,103.75061848958423,94.91134215460961,20.132324186873376,75.23577287946449
PHASE 2,46,37600,37,357.02046082491205,100.43362190982066,704.26342776758,102.49297033361576,94.99227716394452,19.94190166591975,46.05543526785741
PHASE 2,47,38400,38,351.19600767843014,100.43362190982066,704.26342776758,100.77940532483645,94.08766542936705,19.5411171155291,69.18187500000022
PHASE 2,48,39200,39,354.76650297135416,100.43362190982066,704.26342776758,102.92171090411415,93.35710746830424,19.810960574867757,27.8353571428575
PHASE 2,49,40000,40,355.7826409563619,100.43362190982066,704.26342776758,103.4214337565113,93.25021884409664,19.888873544470044,0.0
PHASE 2,50,40800,40,355.7826409563619,100.43362190982066,704.26342776758,103.42143375651133,93.25021884409664,19.888873544470044,45.64751116071458
PHASE 2,51,41600,41,350.21939189452627,100.43362190982066,704.26342776758,102.33462160188098,91.7700683717813,19.514337740108783,83.47633928571446
PHASE 2,52,42400,42,350.01581545484066,100.43362190982066,704.26342776758,102.59860878596321,91.32699630737383,19.511276295188765,69.84761160714312
PHASE 2,53,43200,43,351.4920784519432,100.43362190982066,704.26342776758,101.87107088784003,92.37910952309385,19.655237255127,33.58216517857165
PHASE 2,54,44000,44,353.3762015590076,100.43362190982066,704.26342776758,102.88735218394976,92.03299458128112,19.806981849222947,0.0
PHASE 2,55,44800,44,353.37620155900754,100.43362190982066,704.26342776758,102.88735218394976,92.03299458128112,19.806981849222947,94.15453404017877
PHASE 2,56,45600,45,353.4676176212984,100.43362190982066,704.26342776758,102.57077387152866,92.17118497947487,19.840707346287736,69.67102120535733
PHASE 2,57,46400,46,351.49930329864225,100.43362190982066,704.26342776758,102.264760671423,91.80267076796457,19.678983982407743,85.5572098214287
PHASE 2,58,47200,47,352.9190520797257,100.43362190982066,704.26342776758,103.44100135749201,91.59154013992278,19.735813822789794,19.50223214285734
PHASE 2,59,48000,48,346.98469634765314,68.06997694024676,704.26342776758,102.23355211046096,90.38392253663882,19.29590271257009,0.0
PHASE 2,60,48800,48,346.9846963476532,68.06997694024676,704.26342776758,102.23355211046096,90.38392253663882,19.295902712570086,79.56088169642881
PHASE 2,61,49600,49,346.2052401719596,68.06997694024676,704.26342776758,102.97464139562163,89.6231855971156,19.20092664740373,104.42336704799116
PHASE 2,62,50400,50,347.3525240111456,68.06997694024676,704.26342776758,103.10353385416755,89.97311042683995,19.284484966268206,61.129118303571715
PHASE 2,63,51200,51,347.51696902940745,68.06997694024676,704.26342776758,102.9873994076806,90.02459355572547,19.313122008251128,20.713325892857394
PHASE 2,64,52000,52,343.373016870089,68.06997694024676,704.26342776758,101.78044369428676,89.33958634792306,19.03162335348585,0.0
PHASE 2,65,52800,52,343.37301687008915,68.06997694024676,704.26342776758,101.78044369428676,89.33958634792307,19.031623353485845,100.00650809151809
PHASE 2,66,53600,53,344.44316491206405,68.06997694024676,704.26342776758,102.24398485099834,89.03256523660222,19.145826853058903,107.55935267857154
PHASE 2,67,54400,54,348.2705413556247,68.06997694024676,704.26342776758,103.81311051733789,89.27671719209727,19.397589205774626,78.15323660714306
PHASE 2,68,55200,55,348.3598696127646,68.06997694024676,704.26342776758,103.50667517459843,89.56668987667278,19.410813070187636,21.946819196428834
PHASE 2,69,56000,56,345.5980317577379,68.06997694024676,704.26342776758,102.96533945719491,89.07634534018459,19.194543370045775,0.0
PHASE 2,70,56800,56,345.5980317577379,68.06997694024676,704.26342776758,102.96533945719491,89.07634534018459,19.194543370045775,82.8996484375002
PHASE 2,71,57600,57,345.1979839063349,68.06997694024676,704.26342776758,102.17339453981727,89.60987162807608,19.17683971730619,35.20803606305834
PHASE 2,72,58400,58,340.76324688182063,68.06997694024676,704.26342776758,100.85934967391883,89.07503199961072,18.85360815103737,63.29613281250015
PHASE 2,73,59200,59,339.1412478142543,68.06997694024676,704.26342776758,100.82209286447389,88.51231959283767,18.72585441961884,27.394370814732483
PHASE 2,74,60000,60,337.8277388948707,68.06997694024676,704.26342776758,100.15791931152435,88.24308041212372,18.67834239640383,0.0
PHASE 2,75,60800,60,337.8277388948707,68.06997694024676,704.26342776758,100.15791931152435,88.24308041212375,18.67834239640383,62.41955147879481
PHASE 2,76,61600,61,335.7438517388077,68.06997694024676,704.26342776758,99.50503979625688,88.15445153241679,18.510545051267744,65.11939871651806
PHASE 2,77,62400,62,333.60496432950225,68.06997694024676,704.26342776758,98.8721516402059,87.7888874620015,18.36799065341286,45.78910714285738
PHASE 2,78,63200,63,331.2010926884324,68.06997694024676,704.26342776758,98.34568891575819,87.04696729064698,18.2260545602544,24.799001116071732
PHASE 2,79,64000,64,328.73174775335553,68.06997694024676,704.26342776758,97.49817408243906,86.82630280335823,18.050908858445773,0.0
PHASE 2,80,64800,64,328.73174775335553,68.06997694024676,704.26342776758,97.49817408243906,86.82630280335823,18.050908858445773,38.757677176339605
PHASE 2,81,65600,65,325.4223990986196,68.06997694024676,704.26342776758,96.58670738181182,86.25909946696042,17.822074031231903,34.0511383928574
PHASE 2,82,66400,66,322.5152122068174,68.06997694024676,704.26342776758,95.59630824850157,85.96035048513781,17.619819184148216,35.433187779018155
PHASE 2,83,67200,67,319.96327368183665,68.06997694024676,704.26342776758,94.52370680775901,86.07730576396662,17.42028263876484,25.817868303571753
PHASE 2,84,68000,68,321.02134904619425,68.06997694024676,704.26342776758,95.97093630323315,85.26067335689851,17.473717423258787,0.0
PHASE 2,85,68800,68,321.0213490461942,68.06997694024676,704.26342776758,95.97093630323315,85.26067335689851,17.473717423258783,100.03498744419667
PHASE 2,86,69600,69,322.53245435832173,68.06997694024676,704.26342776758,95.68852907042665,85.93875651778887,17.61314609626425,67.19820312500022
PHASE 2,87,70400,70,321.91613441357885,68.06997694024676,704.26342776758,95.39245372953962,85.74718425205859,17.597062053998577,17.102273297991395
PHASE 2,88,71200,71,319.4554588425504,68.06997694024676,704.26342776758,94.53285839385364,85.50830496058299,17.4267869360152,20.630082310268108
PHASE 2,89,72000,72,319.93142106847273,68.06997694024676,704.26342776758,94.36835706922837,85.99784673196379,17.445652158411068,0.0
PHASE 2,90,72800,72,319.93142106847284,68.06997694024676,704.26342776758,94.36835706922837,85.99784673196379,17.44565215841107,64.8918359375003
PHASE 2,91,73600,73,320.3232896319789,68.06997694024676,704.26342776758,95.19942801976407,85.53479689088667,17.448633090167007,117.36257812500011
PHASE 2,92,74400,74,322.0879008480892,68.06997694024676,704.26342776758,95.44857848571321,86.18990098695576,17.55617767192853,63.48970842633951
PHASE 2,93,75200,75,323.87423041164203,68.06997694024676,704.26342776758,96.35016341145926,86.17590708143527,17.668519989844455,36.43285714285734
PHASE 2,94,76000,76,328.1392842437722,68.06997694024676,704.26342776758,97.58835547731726,87.14903727882866,17.925236435954233,0.0
PHASE 2,95,76800,76,328.1392842437722,68.06997694024676,704.26342776758,97.58835547731726,87.14903727882866,17.925236435954233,66.46967006138422
PHASE 2,96,77600,77,327.2530317833873,68.06997694024676,704.26342776758,96.84118798194086,87.43444133676054,17.8721753080867,59.00179338727699
PHASE 2,97,78400,78,326.08635242025485,68.06997694024676,704.26342776758,96.41776663495018,87.27619621211726,17.799048696649397,52.692862723214546
PHASE 2,98,79200,79,324.932932405779,68.06997694024676,704.26342776758,96.47876141383267,86.63449058693753,17.72746005062707,31.451816406250217
PHASE 2,99,80000,80,323.3170303678679,68.06997694024676,704.26342776758,96.30132214355561,86.21680815251747,17.599862508975313,0.0
PHASE 2,100,80800,80,323.3170303678679,68.06997694024676,704.26342776758,96.30132214355561,86.21680815251749,17.599862508975317,83.89751116071449
PHASE 2,101,81600,81,322.8506232918599,68.06997694024676,704.26342776758,95.8922111705899,86.39884537182797,17.569945843681218,79.7545647321431
PHASE 2,102,82400,82,324.60025821862945,68.06997694024676,704.26342776758,96.46873527216809,86.40011072298455,17.71642652793558,90.45263392857163
PHASE 2,103,83200,83,326.825207423259,68.06997694024676,704.26342776758,96.83452297471226,87.00240733073977,17.873534639726795,23.712678571428857
PHASE 2,104,84000,84,327.63466498081385,68.06997694024676,704.26342776758,97.60352356925935,86.51632460458018,17.939352100872718,0.0
PHASE 2,105,84800,84,327.6346649808139,68.06997694024676,704.26342776758,97.60352356925935,86.5163246045802,17.939352100872718,131.7734375000002
PHASE 2,106,85600,85,329.7350108173996,68.06997694024676,704.26342776758,98.21036263020925,86.70395424158514,18.10258674320152,79.48918526785738
PHASE 2,107,86400,86,330.20104842292386,68.06997694024676,704.26342776758,97.54048559381148,87.56828810699307,18.1365343402658,60.488171037946664
PHASE 2,108,87200,87,330.0931957117571,68.06997694024676,704.26342776758,97.37978032956269,87.70914231457553,18.125534133453254,18.940904017857395
PHASE 2,109,88000,88,329.2198395102342,68.06997694024676,704.26342776758,97.09674327503643,87.65409109982657,18.058625641922312,0.0
PHASE 2,110,88800,88,329.2198395102342,68.06997694024676,704.26342776758,97.09674327503645,87.65409109982657,18.058625641922312,67.15093470982166
PHASE 2,111,89600,89,327.8778914477154,68.06997694024676,704.26342776758,96.62175470359408,87.58392194655137,17.95902684969716,45.923415178571695
PHASE 2,112,90400,90,325.9814562204134,68.06997694024676,704.26342776758,96.30734168836898,87.11074758233045,17.820420868715154,86.91757638113859
PHASE 2,113,91200,91,327.89486972765707,68.06997694024676,704.26342776758,96.45901869777451,87.62738943582133,17.97605769925856,17.320365513393185
PHASE 2,114,92000,92,325.2490362521889,68.06997694024676,704.26342776758,95.88840634553424,87.04501961639042,17.78945128628392,0.0
PHASE 2,115,92800,92,325.24903625218883,68.06997694024676,704.26342776758,95.88840634553425,87.04501961639043,17.78945128628392,45.467206333705725
PHASE 2,116,93600,93,323.7509201169773,68.06997694024676,704.26342776758,95.80427249594068,86.45130717287861,17.686917556020635,63.26840959821458
PHASE 2,117,94400,94,323.2905188494197,68.06997694024676,704.26342776758,95.80167953166651,86.06220527919552,17.678329254820607,69.17460588727697
PHASE 2,118,95200,95,324.6736672400232,68.06997694024676,704.26342776758,96.37599127946916,86.06084695059873,17.77960362624533,33.760662667410976
PHASE 2,119,96000,96,329.2578393633359,68.06997694024676,764.7541910780486,97.36226092868473,87.21047245979389,18.08563824685802,0.0
PHASE 2,120,96800,96,329.25783936333596,68.06997694024676,764.7541910780486,97.36226092868473,87.21047245979389,18.085638246858018,73.19088727678593
PHASE 2,121,97600,97,328.65864554712283,68.06997694024676,764.7541910780486,97.40083835038216,86.94833109852456,18.03868451227788,70.74992745535734
PHASE 2,122,98400,98,327.9581557571622,68.06997694024676,764.7541910780486,96.9657059650041,86.95076894020627,18.00521010649485,60.29333147321445
PHASE 2,123,99200,99,328.13597395508776,68.06997694024676,764.7541910780486,97.23438701796704,86.66445777456447,18.0296411453204,27.599949776785984
PHASE 2,124,100000,100,330.54129536781375,68.06997694024676,764.7541910780486,97.3607608561207,87.64224496765218,18.192286193005927,0.0
PHASE 3A,0,800,0,,,,,,,115.78627999441981
PHASE 3A,1,1600,1,455.80709307525063,455.80709307525063,455.80709307525063,161.28044921875048,89.71416666666727,25.601559648731055,60.643761160714526
PHASE 3A,2,2400,2,436.1304746215252,416.4538561677998,455.80709307525063,113.3197558593759,124.69486979166722,24.7644811213121,74.30308175223232
PHASE 3A,3,3200,3,443.5402565839126,416.4538561677998,458.3598205086873,123.76426432291748,116.88539713541722,25.36132439069912,25.51122767857167
PHASE 3A,4,4000,4,456.21838955228804,416.4538561677998,494.25278845741434,122.78935709635496,126.5246207682296,25.86305146096376,0.0
PHASE 3A,5,4800,4,456.21838955228804,416.4538561677998,494.25278845741434,122.78935709635496,126.52462076822961,25.86305146096376,88.76166294642883
PHASE 3A,6,5600,5,453.6327276435064,416.4538561677998,494.25278845741434,136.88951692708406,112.22899869791713,25.564276502314172,107.22306222098227
PHASE 3A,7,6400,6,446.2420038213754,409.2883847107203,494.25278845741434,137.29871202257013,108.46481770833383,25.059809261310164,77.98242466517871
PHASE 3A,8,7200,7,435.30020988672993,369.64944627885666,494.25278845741434,131.08245628720312,106.23031994047678,24.748429207382635,10.805848214286112
PHASE 3A,9,8000,8,417.30182685819807,291.31314565847555,494.25278845741434,122.33613688151125,103.69429585774805,23.90892426486863,0.0
PHASE 3A,10,8800,8,417.30182685819807,291.31314565847555,494.25278845741434,122.33613688151124,103.69429585774805,23.90892426486863,70.06936351231197
PHASE 3A,11,9600,9,408.0107656617382,291.31314565847555,494.25278845741434,121.04460720486196,97.59257905183091,23.671697425631958,59.8674288504467
PHASE 3A,12,10400,10,406.9829508631472,291.31314565847555,494.25278845741434,126.5476256510425,91.30789796956465,23.64092840531887,36.434659598214544
PHASE 3A,13,11200,11,395.9540013313865,285.66450601377994,494.25278845741434,121.23479225852357,91.20567073937704,22.939192291687036,35.402176339285965
PHASE 3A,14,12000,12,419.10965342574474,285.66450601377994,673.821826463685,126.05410644531331,96.95596640692901,24.51244757168855,0.0
PHASE 3A,15,12800,12,419.10965342574474,285.66450601377994,673.821826463685,126.05410644531332,96.95596640692901,24.51244757168855,118.5506361607145
PHASE 3A,16,13600,13,431.10607535924913,285.66450601377994,673.821826463685,128.89419120593033,98.62170136280632,25.44877284881468,90.62162946428587
PHASE 3A,17,14400,14,430.968290312081,285.66450601377994,673.821826463685,128.60846028645915,98.87791540236785,25.43523932790748,39.58362723214314
PHASE 3A,18,15200,15,424.7044510658145,285.66450601377994,673.821826463685,129.29106119791746,95.32900359429341,25.010548284201278,20.230089285714644
PHASE 3A,19,16000,16,439.0959623592133,285.66450601377994,673.821826463685,132.57349161783935,97.68907238006679,26.104174795163907,0.0
PHASE 3A,20,16800,16,439.0959623592133,285.66450601377994,673.821826463685,132.57349161783935,97.68907238006679,26.104174795163907,58.80246512276811
PHASE 3A,21,17600,17,424.89236502078035,197.63480760585443,673.821826463685,129.15820848652044,94.46225807339627,25.158987307608538,59.53610630580379
PHASE 3A,22,18400,18,416.086651310539,197.63480760585443,673.821826463685,125.98772714120453,93.53798331931874,24.570117606252545,75.97734793526809
PHASE 3A,23,19200,19,434.7546953223271,197.63480760585443,770.7794875345137,130.50450794956222,98.07339031018795,25.77209963282243,20.252639508928866
PHASE 3A,24,20000,20,438.83685451078964,197.63480760585443,770.7794875345137,132.86189973958417,97.67880868530357,26.037018260737955,0.0
PHASE 3A,25,20800,20,438.83685451078964,197.63480760585443,770.7794875345137,132.86189973958417,97.67880868530357,26.037018260737955,105.63812848772339
PHASE 3A,26,21600,21,440.39725267980367,197.63480760585443,770.7794875345137,131.6391514756953,99.04117692251137,26.21461553519995,81.20767857142877
PHASE 3A,27,22400,22,438.53529680743793,197.63480760585443,770.7794875345137,128.69342299952737,100.79362342603359,26.131031297734992,75.9336607142859
PHASE 3A,28,23200,23,447.396879182395,197.63480760585443,770.7794875345137,128.60045035099722,105.63567376620605,26.645094383149125,22.700669642857445
PHASE 3A,29,24000,24,442.20048445349704,197.63480760585443,770.7794875345137,127.8237280273446,103.2798686896438,26.38711096706379,0.0
PHASE 3A,30,24800,24,442.20048445349715,197.63480760585443,770.7794875345137,127.8237280273446,103.2798686896438,26.387110967063794,138.37091517857158
PHASE 3A,31,25600,25,449.84771043698083,197.63480760585443,770.7794875345137,130.65862265625083,104.50772602539142,26.83517021941743,123.191361607143
PHASE 3A,32,26400,26,455.67661025288356,197.63480760585443,770.7794875345137,131.50143404447198,106.69144529685076,27.185466363945064,101.03468750000015
PHASE 3A,33,27200,27,461.59666486173415,197.63480760585443,770.7794875345137,131.86441526813354,108.93023243091801,27.60025214533511,19.18847656250042
PHASE 3A,34,28000,28,473.81121250935837,197.63480760585443,803.6039989952101,136.04530854724783,110.5195833188019,28.405790080413137,0.0
PHASE 3A,35,28800,28,473.81121250935837,197.63480760585443,803.6039989952101,136.04530854724786,110.51958331880189,28.405790080413137,150.23496651785734
PHASE 3A,36,29600,29,478.9503693252504,197.63480760585443,803.6039989952101,137.1998614852738,111.4840624859697,28.78330566925028,110.46349609375018
PHASE 3A,37,30400,30,484.43666253196494,197.63480760585443,803.6039989952101,138.2965549045147,113.38533375379849,29.09434673420577,61.979397321428806
PHASE 3A,38,31200,31,495.7647204156654,197.63480760585443,835.6064569266802,141.12567981350887,116.65630753055768,29.747841633949093,24.503671875000325
PHASE 3A,39,32000,32,504.82074102946206,197.63480760585443,835.6064569266802,143.06548685709717,119.48448607126943,30.283846012636044,0.0
PHASE 3A,40,32800,32,504.820741029462,197.63480760585443,835.6064569266802,143.06548685709714,119.48448607126943,30.283846012636047,163.8613825334823
PHASE 3A,41,33600,33,513.3369845607058,197.63480760585443,835.6064569266802,147.02813111584675,119.74504615244312,30.820475911550975,125.72765625000015
PHASE 3A,42,34400,34,523.1653283584685,197.63480760585443,847.5006736846404,148.66921089920422,123.44709749109676,31.38112749601982,101.2472321428573
PHASE 3A,43,35200,35,531.6431802432137,197.63480760585443,847.5006736846404,150.67850446428648,126.08550333658924,31.859896555291016,14.745984933036118
PHASE 3A,44,36000,36,534.7574002290789,197.63480760585443,847.5006736846404,153.9599913194452,124.68989211471063,32.01343959936409,0.0
PHASE 3A,45,36800,36,534.7574002290789,197.63480760585443,847.5006736846404,153.95999131944518,124.68989211471063,32.01343959936409,166.40202008928588
PHASE 3A,46,37600,37,539.7469992831462,197.63480760585443,847.5006736846404,155.1588344594602,126.36594092016892,32.277777987938215,133.18170758928588
PHASE 3A,47,38400,38,549.9114654964893,197.63480760585443,925.9967153901854,158.13566885964985,128.15497454726975,32.952602761194726,55.13432965959841
PHASE 3A,48,39200,39,549.5194110780226,197.63480760585443,925.9967153901854,157.72168569711613,128.32998037485044,32.933468125755525,31.02482142857158
PHASE 3A,49,40000,40,557.4393710843658,197.63480760585443,925.9967153901854,159.5267789713549,130.77417748006255,33.39230182911691,0.0
PHASE 3B,0,800,0,,,,,,,165.14566964285723
PHASE 3B,1,1600,1,662.3185571759129,662.3185571759129,662.3185571759129,186.5504166666672,179.14940104166698,37.07734243344066,109.64191964285736
PHASE 3B,2,2400,2,635.3512574187126,608.3839576615123,662.3185571759129,207.38869791666724,132.0878255208341,36.984341747646575,78.477865513393
PHASE 3B,3,3200,3,691.1222996163145,608.3839576615123,802.6643840115181,211.45282986111167,158.09694444444503,40.196565663839806,24.992619977678846
PHASE 3B,4,4000,4,705.5651737183676,608.3839576615123,802.6643840115181,211.82302083333389,164.79581705729225,41.11829197846268,0.0
PHASE 3B,5,4800,4,705.5651737183678,608.3839576615123,802.6643840115181,211.82302083333383,164.79581705729225,41.11829197846268,195.84421037946436
PHASE 3B,6,5600,5,735.9693342744415,608.3839576615123,857.5859764987365,212.82000260416717,183.05774218750048,42.511448685341634,103.10495954241092
PHASE 3B,7,6400,6,718.0144360325776,608.3839576615123,857.5859764987365,195.52851019965337,186.2280056423616,42.032240023815675,92.20277692522342
PHASE 3B,8,7200,7,732.7283850406459,608.3839576615123,857.5859764987365,196.58527808779817,191.91153924851238,43.02894596303729,30.797254464286038
PHASE 3B,9,8000,8,746.3545547504615,608.3839576615123,857.5859764987365,206.35308837890682,189.14263590494838,43.857353808321065,0.0
PHASE 3B,10,8800,8,746.3545547504616,608.3839576615123,857.5859764987365,206.35308837890682,189.14263590494838,43.857353808321065,149.66109375000016
PHASE 3B,11,9600,9,738.355212821863,608.3839576615123,857.5859764987365,198.18060836226917,191.1119726562505,43.63282897541311,106.24247209821439
PHASE 3B,12,10400,10,740.6447144144994,608.3839576615123,857.5859764987365,197.52068294270893,193.5588899739588,43.695642687224364,92.04930803571447
PHASE 3B,13,11200,11,759.7720727359098,608.3839576615123,951.0456559500134,202.01267104640212,197.91295868844745,44.980805375127844,37.559029017857306
PHASE 3B,14,12000,12,766.2753761681923,608.3839576615123,951.0456559500134,205.814714084202,197.81666612413244,45.33049949497751,0.0
PHASE 3B,15,12800,12,766.2753761681923,608.3839576615123,951.0456559500134,205.81471408420194,197.81666612413244,45.330499494977495,185.59118024553584
PHASE 3B,16,13600,13,773.9329364978504,608.3839576615123,951.0456559500134,210.30135066105825,197.05194461137867,45.82245515317193,130.47715401785723
PHASE 3B,17,14400,14,774.8441761537075,608.3839576615123,951.0456559500134,208.85793201264934,199.55410481770883,45.804017415413874,94.77792410714291
PHASE 3B,18,15200,15,775.0511937000632,608.3839576615123,951.0456559500134,209.69963932291714,199.6350603298616,45.71456175590586,38.966821289062736
PHASE 3B,19,16000,16,785.8904237569354,608.3839576615123,951.0456559500134,210.21233235677136,204.83724080403692,46.35510632451119,0.0
PHASE 3B,20,16800,16,785.8904237569354,608.3839576615123,951.0456559500134,210.21233235677136,204.83724080403692,46.3551063245112,142.5732979910716
PHASE 3B,21,17600,17,778.907905212809,608.3839576615123,951.0456559500134,204.94289981617703,204.64258386948578,46.16530269088871,104.48150669642872
PHASE 3B,22,18400,18,759.6151722833132,431.63871248188235,951.0456559500134,201.52445746527837,197.9335543258107,45.01964506152381,97.901361607143
PHASE 3B,23,19200,19,761.397962701377,431.63871248188235,951.0456559500134,201.72586211622863,198.4115936814698,45.157563362955564,29.951026785714543
PHASE 3B,24,20000,20,762.7137194150353,431.63871248188235,951.0456559500134,204.13758723958387,197.2043317057297,45.1714750587109,0.0
PHASE 3B,25,20800,20,762.7137194150353,431.63871248188235,951.0456559500134,204.13758723958387,197.2043317057297,45.1714750587109,221.43859375000005
PHASE 3B,26,21600,21,769.8089720359852,431.63871248188235,951.0456559500134,205.7537090773815,199.7467047991076,45.538569769932685,125.92061941964296
PHASE 3B,27,22400,22,761.147695094872,431.63871248188235,951.0456559500134,204.58398555871264,196.5040988991482,45.007451329622114,105.705267857143
PHASE 3B,28,23200,23,760.5653987756111,431.63871248188235,951.0456559500134,203.7376641757252,196.7925053781708,45.00440365271,37.79064732142875
PHASE 3B,29,24000,24,762.0506259365397,431.63871248188235,951.0456559500134,204.17952148437553,197.20979682074702,45.08266345392277,0.0
PHASE 3B,30,24800,24,762.0506259365397,431.63871248188235,951.0456559500134,204.17952148437553,197.20979682074702,45.082663453922756,133.35541015625023
PHASE 3B,31,25600,25,758.102471958859,431.63871248188235,951.0456559500134,204.35751822916723,193.86575677083385,44.98489961985291,146.82355468750015
PHASE 3B,32,26400,26,762.8704312969924,431.63871248188235,951.0456559500134,204.49569861778903,195.22007662259668,45.39433200707143,95.47185267857157
PHASE 3B,33,27200,27,764.2475863420123,431.63871248188235,951.0456559500134,207.02096981095735,193.31991174768572,45.488338097916724,34.151855468750256
PHASE 3B,34,28000,28,766.132597230082,431.63871248188235,951.0456559500134,207.8796005394351,192.41259533110176,45.73005016993863,0.0
PHASE 3B,35,28800,28,766.1325972300822,431.63871248188235,951.0456559500134,207.8796005394351,192.41259533110173,45.73005016993863,163.23361467633933
PHASE 3B,36,29600,29,764.6756204418085,431.63871248188235,951.0456559500134,207.42382812500054,192.82310569324767,45.55358582794053,160.64947544642865
PHASE 3B,37,30400,30,766.7590492892407,431.63871248188235,951.0456559500134,206.7764644097228,194.5526723090283,45.67873907130669,85.59698660714297
PHASE 3B,38,31200,31,766.7324353462183,431.63871248188235,951.0456559500134,207.4404763104844,194.69463415658652,45.57466560988886,25.15635602678594
PHASE 3B,39,32000,32,768.1024993550899,431.63871248188235,951.0456559500134,207.8418465169276,195.14300659179736,45.639705780791076,0.0
PHASE 3B,40,32800,32,768.10249935509,431.63871248188235,951.0456559500134,207.8418465169276,195.14300659179736,45.639705780791076,164.47751116071439
PHASE 3B,41,33600,33,769.0090754795225,431.63871248188235,951.0456559500134,207.94797881155355,195.90831794507625,45.6440973403571,130.58034598214297
PHASE 3B,42,34400,34,767.4610955174429,431.63871248188235,951.0456559500134,208.340481579351,194.7551037837015,45.54568876929431,74.94906250000025
PHASE 3B,43,35200,35,769.6805824000725,431.63871248188235,951.0456559500134,208.91735770089338,194.89440234375053,45.73360279442411,24.062642299107452
PHASE 3B,44,36000,36,767.1506410853922,431.63871248188235,951.0456559500134,209.4029264322922,193.25884168836856,45.56110912058699,0.0
PHASE 3B,45,36800,36,767.1506410853923,431.63871248188235,951.0456559500134,209.4029264322922,193.25884168836856,45.561109120587,157.89809151785727
PHASE 3B,46,37600,37,763.1381582970063,431.63871248188235,951.0456559500134,208.80542616835638,192.08822124859284,45.28056386000264,143.48332589285727
PHASE 3B,47,38400,38,763.3402956087374,431.63871248188235,951.0456559500134,209.8325229577856,191.48412880345444,45.25295548093268,98.33223214285728
PHASE 3B,48,39200,39,766.0610351708284,431.63871248188235,951.0456559500134,210.13272402510736,192.23544120593002,45.461608742469366,44.126132812500124
PHASE 3B,49,40000,40,768.0874792934426,431.63871248188235,951.0456559500134,211.2443238932297,192.25793668619843,45.57315233924729,0.0
